<?xml version="1.0" encoding="UTF-8"?>
<beans xmlns="http://www.springframework.org/schema/beans"
       xmlns:xsi="http://www.w3.org/2001/XMLSchema-instance"
       xsi:schemaLocation="http://www.springframework.org/schema/beans http://www.springframework.org/schema/beans/spring-beans.xsd">
<!--    第一种使用下标赋值-->
<!--    <bean id="user" class="com.wonbao.pojo.UserInfos">-->
<!--        <constructor-arg index="0" value="旺店宝"></constructor-arg>-->
<!--    </bean>-->

<!--    参数引用-->
<!--    <bean id="user" class="com.wonbao.pojo.UserInfos">-->
<!--        <constructor-arg name="name" value="旺店宝"></constructor-arg>-->
<!--    </bean>-->
<!--    别名-->
    <alias name="user" alias="usernew"></alias>

<!--    使用别名 name可以使用多个-->
    <bean id="user" class="com.wonbao.pojo.UserInfos" name="newuser">
        <property name="name" value="旺店宝"></property>
    </bean>
</beans>
