<?xml version="1.0" encoding="UTF-8"?>
<beans xmlns="http://www.springframework.org/schema/beans"
       xmlns:xsi="http://www.w3.org/2001/XMLSchema-instance"
       xmlns:p="http://www.springframework.org/schema/p"
       xmlns:aop="http://www.springframework.org/schema/aop"
       xmlns:context="http://www.springframework.org/schema/context"
       xmlns:util="http://www.springframework.org/schema/util"
       xsi:schemaLocation="http://www.springframework.org/schema/aop
       http://www.springframework.org/schema/aop/spring-aop.xsd
        http://www.springframework.org/schema/beans
        http://www.springframework.org/schema/beans/spring-beans.xsd
        http://www.springframework.org/schema/context
        http://www.springframework.org/schema/context/spring-context.xsd
        http://www.springframework.org/schema/util
        http://www.springframework.org/schema/util/spring-util.xsd">

<!--    加载JDBC数据源-->
    <util:properties id="dataSourceProps" location="jdbc.properties"/>

    <!--    DataSource我们这里要是有Spring提供的JDBC org.springframework.jdbc.datasource-->
    <bean id="dataSource" class="org.springframework.jdbc.datasource.DriverManagerDataSource">
        <property name="driverClassName" value="#{dataSourceProps['driver']}"/>
        <property name="url" value="#{dataSourceProps['url']}"/>
        <property name="username" value="#{dataSourceProps['username']}"/>
        <property name="password" value="#{dataSourceProps['password']}"/>
    </bean>

    <!--    配置SqlSessionFactory-->
    <bean id="sqlSessionFactory" class="org.mybatis.spring.SqlSessionFactoryBean">
        <property name="dataSource" ref="dataSource" />
<!--        绑定Mybatis配置文件-->
        <property name="configLocation" value="classpath:mybatis-config.xml"/>
        <property name="mapperLocations" value="classpath:com/wonbao/mapper/*.xml"/>
    </bean>
<!--    mybatis中的sqlSession-->
    <bean id="sqlSession" class="org.mybatis.spring.SqlSessionTemplate">
<!--        只能使用构造器注入 因为没有sqlSessionFactory-->
        <constructor-arg index="0" ref="sqlSessionFactory"></constructor-arg>
    </bean>

    <bean id="userMapper" class="com.wonbao.mapper.UserMapperImpl">
        <property name="sqlSession" ref="sqlSession"/>
    </bean>
    <bean id="userMapper2" class="com.wonbao.mapper.UserMapperImpl02">
        <property name="sqlSessionFactory" ref="sqlSessionFactory"></property>
    </bean>
</beans>