<?xml version="1.0" encoding="UTF-8" ?>
<!DOCTYPE configuration
        PUBLIC "-//mybatis.org//DTD Config 3.0//EN"
        "http://mybatis.org/dtd/mybatis-3-config.dtd">
<configuration>
    <!--    加载jdbc源-->
<!--    <properties resource="jdbc.properties"></properties>-->

    <typeAliases>
        <!--        使用了alias可以不区分大小写-->
        <!--        用于指定要配置的别名的包 当指定之后类名就是别名 不再区分大小写-->
        <package name="com.wonbao.pojo"></package>
    </typeAliases>

<!--    &lt;!&ndash;    配置环境&ndash;&gt;-->
<!--    <environments default="mysql">-->
<!--        &lt;!&ndash;        配置mysql的环境&ndash;&gt;-->
<!--        <environment id="mysql">-->
<!--            &lt;!&ndash;            配置事务的类型&ndash;&gt;-->
<!--            <transactionManager type="JDBC"></transactionManager>-->
<!--            &lt;!&ndash;            配置数据源 连接池&ndash;&gt;-->
<!--            &lt;!&ndash;          POOLED  采用传统DataSource规范中华的连接池 mybatis中针对规范的实现&ndash;&gt;-->
<!--            &lt;!&ndash;          UNPOOLED  JNDI&ndash;&gt;-->
<!--            <dataSource type="POOLED">-->
<!--                <property name="driver" value="${driver}"/>-->
<!--                <property name="url" value="${url}"/>-->
<!--                <property name="username" value="${username}"/>-->
<!--                <property name="password" value="${password}"/>-->
<!--            </dataSource>-->
<!--        </environment>-->
<!--    </environments>-->
<!--    <mappers>-->
<!--&lt;!&ndash;        <mapper resource="com/wonbao/mapper/UserMapper.xml"/>&ndash;&gt;-->
<!--        <package name="com.wonbao.mapper"/>-->
<!--    </mappers>-->
</configuration>
































