<?xml version="1.0" encoding="UTF-8"?>
<beans xmlns="http://www.springframework.org/schema/beans"
       xmlns:xsi="http://www.w3.org/2001/XMLSchema-instance"
       xmlns:p="http://www.springframework.org/schema/p"
       xmlns:aop="http://www.springframework.org/schema/aop"
       xmlns:tx="http://www.springframework.org/schema/tx"
       xmlns:context="http://www.springframework.org/schema/context"
       xmlns:util="http://www.springframework.org/schema/util"
       xsi:schemaLocation="http://www.springframework.org/schema/aop
       http://www.springframework.org/schema/aop/spring-aop.xsd
        http://www.springframework.org/schema/beans
        http://www.springframework.org/schema/beans/spring-beans.xsd
        http://www.springframework.org/schema/context
        http://www.springframework.org/schema/context/spring-context.xsd
         http://www.springframework.org/schema/tx
        http://www.springframework.org/schema/tx/spring-tx.xsd
        http://www.springframework.org/schema/util
        http://www.springframework.org/schema/util/spring-util.xsd">

<!--    加载JDBC数据源-->
    <util:properties id="dataSourceProps" location="jdbc.properties"/>

    <!--    DataSource我们这里要是有Spring提供的JDBC org.springframework.jdbc.datasource-->
    <bean id="dataSource" class="org.springframework.jdbc.datasource.DriverManagerDataSource">
        <property name="driverClassName" value="#{dataSourceProps['driver']}"/>
        <property name="url" value="#{dataSourceProps['url']}"/>
        <property name="username" value="#{dataSourceProps['username']}"/>
        <property name="password" value="#{dataSourceProps['password']}"/>
    </bean>

    <!--    配置SqlSessionFactory-->
    <bean id="sqlSessionFactory" class="org.mybatis.spring.SqlSessionFactoryBean">
        <property name="dataSource" ref="dataSource" />
<!--        绑定Mybatis配置文件-->
        <property name="configLocation" value="classpath:mybatis-config.xml"/>
        <property name="mapperLocations" value="classpath:com/wonbao/mappers/*.xml"/>
    </bean>

    <bean id="userMapperPlus" class="com.wonbao.mappers.UserMapperPlusImpl">
        <property name="sqlSessionFactory" ref="sqlSessionFactory"></property>
    </bean>

    <!-- 配置事务管理器 -->
     <bean id="transactionManager" class="org.springframework.jdbc.datasource.DataSourceTransactionManager">
         <property name="dataSource" ref="dataSource"/>
<!--         <constructor-arg ref="dataSource" />-->
<!--         p:dataSource-ref="dataSource"-->
     </bean>

<!--    结合AOP实现事务的注入-->
<!--    配置事务的类-->
<!--     配置增强通知 -->
        <tx:advice id="txAdvice" transaction-manager="transactionManager">
<!--            给那些方法配置事务-->
<!--            配置事务的传播特性 new propagation传播 -->
            <tx:attributes>
<!--                <tx:method name="add" propagation="REQUIRED"/>-->
<!--                <tx:method name="delete" propagation="REQUIRED"/>-->
<!--                <tx:method name="update" propagation="REQUIRED"/>-->
<!--                <tx:method name="query" read-only="true"/>-->
                <tx:method name="*" propagation="REQUIRED"/>
            </tx:attributes>
        </tx:advice>

    <!-- 配置共享事务 -->
    <aop:config expose-proxy="true">
        <!-- 配置切点 -->
            <aop:pointcut id="txPointcut" expression="execution(* com.wonbao.mappers.*.*(..))"/>
        <!-- 配置切面 -->
            <aop:advisor advice-ref="txAdvice" pointcut-ref="txPointcut"/>
    </aop:config>





















</beans>