<?xml version="1.0" encoding="UTF-8" ?>
<!DOCTYPE mapper
        PUBLIC "-//mybatis.org//DTD mapper 3.0//EN"
        "http://mybatis.org/dtd/mybatis-3-mapper.dtd">
<mapper namespace="com.wonbao.dao.IAccountDao">
<!--    定义封装account和user的resultMap-->
    <resultMap id="accountUserMap" type="account">
        <id property="id" column="aid"></id>
        <result property="uid" column="uid"></result>
        <result property="money" column="money"></result>
<!--        一对一的关系映射 配置封装user的内容-->
<!--        javaType要封装到哪里-->
        <association property="user" column="uid" javaType="user">
            <id property="id" column="id"></id>
            <result column="username" property="username"></result>
            <result column="address" property="address"></result>
            <result column="sex" property="sex"></result>
            <result column="birthday" property="birthday"></result>
        </association>
    </resultMap>
<!--    配置查询所有-->
    <select id="findAll" resultMap="accountUserMap">
        SELECT u.*,a.id as aid,a.uid,a.money FROM account a,userinfo u WHERE u.id = a.uid;
    </select>
<!--    查询所有账户 并且带有用户名和地址信息-->
    <select id="findAllAccount" resultType="AccountUser">
        SELECT a.*,u.username,u.address FROM account a,userinfo u WHERE a.uid = u.id
    </select>
</mapper>