<?xml version="1.0" encoding="UTF-8" ?>
<!DOCTYPE mapper
        PUBLIC "-//mybatis.org//DTD mapper 3.0//EN"
        "http://mybatis.org/dtd/mybatis-3-mapper.dtd">
<mapper namespace="com.wonbao.dao.IRoleDao">
<!--    定义role表的resultMap-->
<!--    collection 多对多-->
    <resultMap id="roleMap" type="role">
        <id property="roleId" column="rid"></id>
        <result property="roleName" column="role_name"></result>
        <result property="roleDesc" column="role_desc"></result>
        <collection property="users" ofType="user">
            <id property="id" column="id"></id>
            <result column="username" property="username"></result>
            <result column="address" property="address"></result>
            <result column="sex" property="sex"></result>
            <result column="birthday" property="birthday"></result>
        </collection>
    </resultMap>
    <!--    查询所有-->
    <select id="findAll" resultMap="roleMap">
        select u.*,r.id as rid,r.role_name,r.role_desc FROM role r
            LEFT OUTER JOIN user_role ur on r.id = ur.rid
            LEFT OUTER JOIN userinfo u on u.id = ur.uid
    </select>
</mapper>






















