<?xml version="1.0" encoding="UTF-8" ?>
<!DOCTYPE mapper
        PUBLIC "-//mybatis.org//DTD mapper 3.0//EN"
        "http://mybatis.org/dtd/mybatis-3-mapper.dtd">
<mapper namespace="com.wonbao.dao.IUserDao">
<!--    配置查询所有-->
    <select id="findAll" resultType="user">
        select * from userinfo
    </select>

    <select id="findid" resultType="com.wonbao.domain.User">
        select * from userinfo where id=#{id}
    </select>

    <!-- 保存用户 -->
    <insert id="saveUser" parameterType="com.wonbao.domain.User">
        <selectKey keyProperty="id" keyColumn="id" resultType="int" order="AFTER" >
            select LAST_INSERT_ID();
        </selectKey>
        insert into userinfo(username,address,sex,birthday) values (#{username},#{address},#{sex},#{birthday})
    </insert>

<!--    修改用户-->
    <update id="updateUser" parameterType="com.wonbao.domain.User">
        update userinfo set username=#{username},address=#{address},sex=#{sex},birthday=#{birthday} where id=#{id}
    </update>

    <delete id="deleteUser" parameterType="int">
        delete from userinfo where id = #{id}
    </delete>

<!--    <select id="findUserByConditin" resultType="user" parameterType="user">-->
<!--        select * from userinfo where 1=1-->
<!--        <if test="username != null">-->
<!--            and username = #{username}-->
<!--        </if>-->
<!--        <if test="sex != null">-->
<!--            and sex = #{sex}-->
<!--        </if>-->
<!--    </select>-->

<!--    条件查询-->
    <select id="findUserByConditin" resultType="user" parameterType="user">
        select * from userinfo
        <where>
            <if test="username != null">
                and username = #{username}
            </if>
            <if test="sex != null">
                and sex = #{sex}
            </if>
        </where>
    </select>

<!--    根据queryvo中的集合查询用户列表-->
<!--    动态sql语句的查询-->
<!--   collection集合 open 开始 close )结束 separator , 分割-->
    <select id="findUserInIds" resultType="user" parameterType="user">
        select * from userinfo
        <where>
            <if test="ids != null and ids.size()>0">
                <foreach collection="ids" open="and id in (" close=")" item="id" separator=",">
                    #{id}
                </foreach>
            </if>
        </where>
    </select>
</mapper>






















