<?xml version="1.0" encoding="UTF-8" ?>
<!DOCTYPE mapper
        PUBLIC "-//mybatis.org//DTD mapper 3.0//EN"
        "http://mybatis.org/dtd/mybatis-3-mapper.dtd">
<mapper namespace="com.wonbao.dao.IUserDao">
<!--    配置查询所有-->
    <select id="findAll" resultType="com.wonbao.domain.User">
        select * from userinfo
    </select>

    <!-- 保存用户 -->
    <insert id="saveUser" parameterType="com.wonbao.domain.User">
        <selectKey keyProperty="id" keyColumn="id" resultType="int" order="AFTER" >
            select LAST_INSERT_ID();
        </selectKey>
        insert into userinfo(username,address,sex,birthday) values (#{username},#{address},#{sex},#{birthday})
    </insert>

<!--    修改用户-->
    <update id="updateUser" parameterType="com.wonbao.domain.User">
        update userinfo set username=#{username},address=#{address},sex=#{sex},birthday=#{birthday} where id=#{id}
    </update>

    <delete id="deleteUser" parameterType="int">
        delete from userinfo where id = #{id}
    </delete>
</mapper>