<?xml version="1.0" encoding="UTF-8" ?>
<!DOCTYPE mapper
        PUBLIC "-//mybatis.org//DTD mapper 3.0//EN"
        "http://mybatis.org/dtd/mybatis-3-mapper.dtd">
<mapper namespace="com.wonbao.dao.IUserDao">
<!--    配置查询所有-->
    <resultMap id="userAccountMap" type="user">
        <id property="id" column="id"></id>
        <result column="username" property="username"></result>
        <result column="address" property="address"></result>
        <result column="sex" property="sex"></result>
        <result column="birthday" property="birthday"></result>
<!--        配置user对象中account集合的映射-->
<!--        ofType 配置了别名 不配置需要使用全路径-->
        <collection property="accounts" ofType="account">
            <id property="id" column="aid"></id>
            <result property="uid" column="uid"></result>
            <result property="money" column="money"></result>
        </collection>
    </resultMap>
        <select id="findAll" resultMap="userAccountMap">
            SELECT * FROM userinfo u LEFT OUTER JOIN account a on u.id = a.uid
        </select>
<!--    <select id="findAll" resultType="user">-->
<!--        select * from userinfo-->
<!--    </select>-->

<!--    <select id="findid" resultType="com.wonbao.domain.User">-->
<!--        select * from userinfo where id=#{id}-->
<!--    </select>-->

    <!-- 保存用户
    <insert id="saveUser" parameterType="com.wonbao.domain.User">
        <selectKey keyProperty="id" keyColumn="id" resultType="int" order="AFTER" >
            select LAST_INSERT_ID();
        </selectKey>
        insert into userinfo(username,address,sex,birthday) values (#{username},#{address},#{sex},#{birthday})
    </insert>

&lt;!&ndash;    修改用户&ndash;&gt;
    <update id="updateUser" parameterType="com.wonbao.domain.User">
        update userinfo set username=#{username},address=#{address},sex=#{sex},birthday=#{birthday} where id=#{id}
    </update>

    <delete id="deleteUser" parameterType="int">
        delete from userinfo where id = #{id}
    </delete>

&lt;!&ndash;    <select id="findUserByConditin" resultType="user" parameterType="user">&ndash;&gt;
&lt;!&ndash;        select * from userinfo where 1=1&ndash;&gt;
&lt;!&ndash;        <if test="username != null">&ndash;&gt;
&lt;!&ndash;            and username = #{username}&ndash;&gt;
&lt;!&ndash;        </if>&ndash;&gt;
&lt;!&ndash;        <if test="sex != null">&ndash;&gt;
&lt;!&ndash;            and sex = #{sex}&ndash;&gt;
&lt;!&ndash;        </if>&ndash;&gt;
&lt;!&ndash;    </select>&ndash;&gt;

&lt;!&ndash;    条件查询&ndash;&gt;
    <select id="findUserByConditin" resultType="user" parameterType="user">
        select * from userinfo
        <where>
            <if test="username != null">
                and username = #{username}
            </if>
            <if test="sex != null">
                and sex = #{sex}
            </if>
        </where>
    </select>

&lt;!&ndash;    根据queryvo中的集合查询用户列表&ndash;&gt;
&lt;!&ndash;    动态sql语句的查询&ndash;&gt;
&lt;!&ndash;   collection集合 open 开始 close )结束 separator , 分割&ndash;&gt;
    <select id="findUserInIds" resultType="user" parameterType="user">
        select * from userinfo
        <where>
            <if test="ids != null and ids.size()>0">
                <foreach collection="ids" open="and id in (" close=")" item="id" separator=",">
                    #{id}
                </foreach>
            </if>
        </where>
    </select>-->
</mapper>






















