<?xml version="1.0" encoding="UTF-8" ?>
<!DOCTYPE mapper
        PUBLIC "-//mybatis.org//DTD Config 3.0//EN"
        "http://mybatis.org/dtd/mybatis-3-mapper.dtd">
<mapper namespace="com.wonbao.dao.BookMapper">
    <insert id="addBook" parameterType="com.wonbao.pojo.Books">
        insert into books(bookName,bookCounts,detail) values (#{bookName},#{bookCounts},#{detail});
    </insert>
    <delete id="deleteBookById" parameterType="int">
        delete from books where bookID = #{bookID};
    </delete>
    <update id="updateBook" parameterType="com.wonbao.pojo.Books">
        update books set bookName = #{bookName},bookCounts = #{bookCounts},detail = #{detail} where bookID = #{bookID};
    </update>
    <select id="queryBookById" resultType="com.wonbao.pojo.Books">
        select * from books where bookID = #{bookID}
    </select>
    <select id="quertAllBook" resultType="com.wonbao.pojo.Books">
        select * from books
    </select>
    <select id="queryBookByName" resultType="com.wonbao.pojo.Books">
        select * from books where bookName like '%${bookName}%'
    </select>
</mapper>