<?xml version="1.0" encoding="UTF-8"?>
<beans xmlns="http://www.springframework.org/schema/beans"
       xmlns:xsi="http://www.w3.org/2001/XMLSchema-instance"
       xmlns:p="http://www.springframework.org/schema/p"
       xmlns:c="http://www.springframework.org/schema/c"
       xsi:schemaLocation="http://www.springframework.org/schema/beans http://www.springframework.org/schema/beans/spring-beans.xsd">

<!--    命名空间注入 可以直接注入属性的值 property-->
    <bean id="user" class="com.wonbao.pojo.UserInfo" p:name="旺店宝" p:age="18"></bean>
    <!--    命名空间注入 通过构造器注入-->
    <bean id="user2" class="com.wonbao.pojo.UserInfo" c:age="18" c:name="旺店宝"></bean>
<!--    <bean id="address" class="com.wonbao.pojo.Address">-->
<!--        <property name="address" value="西安"></property>-->
<!--    </bean>-->

<!--    <bean name="student" class="com.wonbao.pojo.Student">-->
<!--&lt;!&ndash;        第一种普通的注入&ndash;&gt;-->
<!--        <property name="name" value="旺店宝"></property>-->
<!--&lt;!&ndash;        Bean注入 ref&ndash;&gt;-->
<!--        <property name="address" ref="address"></property>-->
<!--&lt;!&ndash;        数组的注入&ndash;&gt;-->
<!--        <property name="books">-->
<!--            <array>-->
<!--                <value>1</value>-->
<!--                <value>2</value>-->
<!--                <value>3</value>-->
<!--                <value>4</value>-->
<!--            </array>-->
<!--        </property>-->

<!--        &lt;!&ndash;        list的注入&ndash;&gt;-->
<!--        <property name="hobbys">-->
<!--            <list>-->
<!--                <value>1</value>-->
<!--                <value>2</value>-->
<!--                <value>3</value>-->
<!--                <value>4</value>-->
<!--            </list>-->
<!--        </property>-->
<!--        &lt;!&ndash;        Map的注入&ndash;&gt;-->
<!--        <property name="card">-->
<!--            <map>-->
<!--                <entry key="身份证" value="1"></entry>-->
<!--                <entry key="银行卡" value="1"></entry>-->
<!--            </map>-->
<!--        </property>-->

<!--        &lt;!&ndash;        set的注入&ndash;&gt;-->
<!--        <property name="games">-->
<!--            <set>-->
<!--                <value>1</value>-->
<!--                <value>2</value>-->
<!--                <value>3</value>-->
<!--                <value>4</value>-->
<!--            </set>-->
<!--        </property>-->
<!--&lt;!&ndash;        null&ndash;&gt;-->
<!--        <property name="wife">-->
<!--            <null/>-->
<!--        </property>-->
<!--&lt;!&ndash;        props&ndash;&gt;-->
<!--        <property name="info">-->
<!--            <props>-->
<!--                <prop key="学号">001</prop>-->
<!--            </props>-->
<!--        </property>-->

<!--    </bean>-->
</beans>