<?xml version="1.0" encoding="UTF-8"?>
<beans xmlns="http://www.springframework.org/schema/beans"
       xmlns:xsi="http://www.w3.org/2001/XMLSchema-instance"
       xmlns:p="http://www.springframework.org/schema/p"
       xmlns:aop="http://www.springframework.org/schema/aop"
       xmlns:context="http://www.springframework.org/schema/context"
       xsi:schemaLocation="http://www.springframework.org/schema/aop http://www.springframework.org/schema/aop/spring-aop.xsd
        http://www.springframework.org/schema/beans http://www.springframework.org/schema/beans/spring-beans.xsd
        http://www.springframework.org/schema/context http://www.springframework.org/schema/context/spring-context.xsd">

    <bean id="userService" class="com.wonbao.service.UserServiceImpl"></bean>
    <bean id="log" class="com.wonbao.log.Log"></bean>
    <bean id="afterLog" class="com.wonbao.log.AfterLog"></bean>

<!--&lt;!&ndash;    配置Aop 需要导入的Aop的约束&ndash;&gt;-->
<!--    <aop:config>-->
<!--&lt;!&ndash;        切入点 execution要执行的位置&ndash;&gt;-->
<!--&lt;!&ndash;        第一个*表示要返回的类型 包 包下的所有包 需要入参任何参数。&ndash;&gt;-->
<!--        <aop:pointcut id="pointcut" expression="execution(* com.wonbao.service.UserServiceImpl.*(..))"/>-->
<!--&lt;!&ndash;        执行环绕增加&ndash;&gt;-->
<!--        <aop:advisor advice-ref="log" pointcut-ref="pointcut"></aop:advisor>-->
<!--        <aop:advisor advice-ref="afterLog" pointcut-ref="pointcut"></aop:advisor>-->
<!--    </aop:config>-->

<!--&lt;!&ndash;    注册到Spring容器中由它来给管理&ndash;&gt;-->
<!--    <bean id="diy" class="com.wonbao.diy.Diy"></bean>-->

<!--    &lt;!&ndash;        注册aop&ndash;&gt;-->
<!--    <aop:config>-->
<!--&lt;!&ndash;        切面定义&ndash;&gt;-->
<!--        <aop:aspect ref="diy">-->
<!--&lt;!&ndash;            切入点&ndash;&gt;-->
<!--            <aop:pointcut id="pointcut" expression="execution(* com.wonbao.service.UserServiceImpl.*(..))"/>-->
<!--&lt;!&ndash;            执行方法之前执行&ndash;&gt;-->
<!--            <aop:before method="before" pointcut-ref="pointcut"></aop:before>-->
<!--            <aop:after method="after" pointcut-ref="pointcut"></aop:after>-->
<!--        </aop:aspect>-->
<!--    </aop:config>-->
    <!--&lt;!&ndash;    注册到Spring容器中由它来给管理&ndash;&gt;-->
    <bean id="annoDiy" class="com.wonbao.diy.AnnoDiy"/>
<!--    开启注解支持 JDK(默认执行 proxy-target-class="false") cglib(proxy-target-class="true")-->
    <aop:aspectj-autoproxy/>

</beans>