<?xml version="1.0" encoding="UTF-8"?>
<beans xmlns="http://www.springframework.org/schema/beans"
       xmlns:xsi="http://www.w3.org/2001/XMLSchema-instance"
       xsi:schemaLocation="http://www.springframework.org/schema/beans http://www.springframework.org/schema/beans/spring-beans.xsd">

    <bean id="userDaoImpl" class="com.wonbao.dao.UserDaoImpl"></bean>
    <bean id="userDaoMySqlImpl" class="com.wonbao.dao.UserDaoMySqlImpl"></bean>

    <bean id="userServiceImpl" class="com.wonbao.service.UserServiceImpl">
        <property name="userDao" ref="userDaoMySqlImpl"></property>
    </bean>
</beans>