<?xml version="1.0" encoding="UTF-8" ?>
<!DOCTYPE configuration
        PUBLIC "-//mybatis.org//DTD Config 3.0//EN"
        "http://mybatis.org/dtd/mybatis-3-config.dtd">
<configuration>
<!--    配置Mybatis日志信息-->
<!--    <settings>-->
<!--        <setting name="logImpl" value="STDOUT_LOGGING"/>-->
<!--    </settings>-->
<!--    配置数据源别名-->
    <typeAliases>
        <package name="com.wonbao.pojo"/>
    </typeAliases>
<!--    加载映射文件-->
    <mappers>
        <mapper resource="com/wonbao/dao/BookMapper.xml"/>
    </mappers>
</configuration>