<?xml version="1.0" encoding="UTF-8"?>
<beans xmlns="http://www.springframework.org/schema/beans"
       xmlns:xsi="http://www.w3.org/2001/XMLSchema-instance"
       xmlns:util="http://www.springframework.org/schema/util"
       xsi:schemaLocation="
       http://www.springframework.org/schema/beans
       http://www.springframework.org/schema/beans/spring-beans.xsd
       http://www.springframework.org/schema/util
       http://www.springframework.org/schema/util/spring-util.xsd">
<!--    关联数据库配置文件-->
    <util:properties id="dataSourceProps" location="classpath:jdbc.properties"/>

    <!-- 连接池 dbcp 半自动化操作 不能自动连接
    c3p0 自动化操作 自动化的加载配置文件 并且可以自动设置到对象中
    druid hikari-->

<!--    <bean id="dataSource" class="com.mchange.v2.c3p0.ComboPooledDataSource">-->
<!--        <property name="driverClass" value="#{dataSourceProps['driver']}"/>-->
<!--        <property name="jdbcUrl" value="#{dataSourceProps['url']}"/>-->
<!--        <property name="user" value="#{dataSourceProps['username']}"/>-->
<!--        <property name="password" value="#{dataSourceProps['password']}"/>-->

<!--    &lt;!&ndash;        配置最大的连接池数量&ndash;&gt;-->
<!--        <property name="maxPoolSize" value="30"/>-->
<!--        &lt;!&ndash;        配置最小的连接池数量&ndash;&gt;-->
<!--        <property name="minPoolSize" value="10"/>-->
<!--        &lt;!&ndash;        配置关闭连接后不自动commit&ndash;&gt;-->
<!--        <property name="autoCommitOnClose" value="false"/>-->
<!--        &lt;!&ndash;        配置连接超时 时间&ndash;&gt;-->
<!--        <property name="checkoutTimeout" value="10000"/>-->
<!--        &lt;!&ndash;        配置当前获取失败重试次数&ndash;&gt;-->
<!--        <property name="acquireRetryAttempts" value="2"/>-->
<!--    </bean>-->
<!--    配置数据库 数据源信息-->
    <bean id="dataSource" class="org.springframework.jdbc.datasource.DriverManagerDataSource">
        <property name="driverClassName" value="#{dataSourceProps['driver']}"/>
        <property name="url" value="#{dataSourceProps['url']}"/>
        <property name="username" value="#{dataSourceProps['username']}"/>
        <property name="password" value="#{dataSourceProps['password']}"/>
    </bean>

<!--    sqlSessionFactory-->
    <bean id="sqlSessionFactory" class="org.mybatis.spring.SqlSessionFactoryBean">
        <property name="dataSource" ref="dataSource"/>
<!--        绑定mybatis的配置文件-->
        <property name="configLocation" value="classpath:mybatis-config.xml"/>
    </bean>

    <!--    配置dao接口扫描包 动态的实现了dao接口可以注入到Spring容器中-->
    <bean class="org.mybatis.spring.mapper.MapperScannerConfigurer">
        <!--        注入 sqlSessionFactory-->
        <property name="sqlSessionFactoryBeanName" value="sqlSessionFactory"/>
        <!--        要扫描的dao包-->
        <property name="basePackage" value="com.wonbao.dao"/>
    </bean>
</beans>