<?xml version="1.0" encoding="UTF-8"?>
<beans xmlns="http://www.springframework.org/schema/beans"
        xmlns:xsi="http://www.w3.org/2001/XMLSchema-instance"
        xmlns:context="http://www.springframework.org/schema/context"
        xmlns:aop="http://www.springframework.org/schema/aop"
        xmlns:tx="http://www.springframework.org/schema/tx"
        xsi:schemaLocation="
        http://www.springframework.org/schema/beans
        http://www.springframework.org/schema/beans/spring-beans.xsd
        http://www.springframework.org/schema/aop
        http://www.springframework.org/schema/aop/spring-aop.xsd
        http://www.springframework.org/schema/tx
        http://www.springframework.org/schema/tx/spring-tx.xsd
        http://www.springframework.org/schema/context
        http://www.springframework.org/schema/context/spring-context.xsd">

    <!--    扫描service下的包-->
    <context:component-scan base-package="com.wonbao.service"/>

    <!--    将我们的所有业务类 注入到Spring 可以通过配置 或者注解实现-->
<!--    <bean id="bookServiceImpl" class="com.wonbao.service.BookServiceImpl">-->
<!--        <property name="bookMapper" ref="bookMapper"/>-->
<!--    </bean>-->

    <!--    声明式事务配置-->
    <bean id="transactionManager" class="org.springframework.jdbc.datasource.DataSourceTransactionManager">
        <property name="dataSource" ref="dataSource"/>
    </bean>

    <!--    结合AOP实现事务的注入  配置事务的类  配置增强通知 -->
    <tx:advice id="txAdvice" transaction-manager="transactionManager">
        <!--            给那些方法配置事务-->
        <!--            配置事务的传播特性 new propagation传播 -->
        <!-- 4.2 事务详情（事务通知），在aop筛选基础上，对ABC三个确定使用什么样的事务。
			  		<tx:attributes>用于配置事务详情（事务属性）
			  		<tx:method name=""/>详情具体配置
			  				propagation 传播行为
			  				isolation  隔离级别
			   -->
        <tx:attributes>
            <tx:method name="*" propagation="REQUIRED"/>
        </tx:attributes>
    </tx:advice>

<!--    配置事务管理器，并将事务管理器交于Spring-->
<!--    在目标类或目标方法中添加注释即可@Transactional-->
<!--    <tx:annotation-driven transaction-manager="transactionManager"/>-->

    <!-- 配置共享事务 -->
    <aop:config expose-proxy="true">
        <!-- 配置切点 -->
        <aop:pointcut id="txPointcut" expression="execution(* com.wonbao.dao.*.*(..))"/>
        <!-- 配置切面 -->
        <aop:advisor advice-ref="txAdvice" pointcut-ref="txPointcut"/>
    </aop:config>






    
</beans>