<?xml version="1.0" encoding="UTF-8"?>
<beans xmlns="http://www.springframework.org/schema/beans"
       xmlns:xsi="http://www.w3.org/2001/XMLSchema-instance"
       xmlns:context="http://www.springframework.org/schema/context"
       xmlns:mvc="http://www.springframework.org/schema/mvc"
       xsi:schemaLocation="http://www.springframework.org/schema/beans
        http://www.springframework.org/schema/beans/spring-beans.xsd
        http://www.springframework.org/schema/context
        http://www.springframework.org/schema/context/spring-context.xsd
        http://www.springframework.org/schema/mvc
        http://www.springframework.org/schema/mvc/spring-mvc.xsd
        ">

    <!--    处理器-->
    <!--    <bean id="beanNameUrlHandlerMapping" class="org.springframework.web.servlet.handler.BeanNameUrlHandlerMapping"/>-->
    <!--    适配器-->
    <!--    <bean id="simpleControllerHandlerAdapter" class="org.springframework.web.servlet.mvc.SimpleControllerHandlerAdapter"/>-->

    <!--    注解驱动-->
    <mvc:annotation-driven/>
    <!--    静态资源过滤-->
    <mvc:default-servlet-handler/>
    <!--    扫描包-->
    <context:component-scan base-package="com.wonbao.controller"/>
    <!--    视图解析器-->
    <bean id="internalResourceViewResolver" class="org.springframework.web.servlet.view.InternalResourceViewResolver">
        <property name="prefix" value="/WEB-INF/jsp/"/>
        <property name="suffix" value=".jsp"/>
    </bean>
</beans>