<?xml version="1.0" encoding="UTF-8"?>
<beans xmlns="http://www.springframework.org/schema/beans"
       xmlns:xsi="http://www.w3.org/2001/XMLSchema-instance"
       xmlns:context="http://www.springframework.org/schema/context"
       xsi:schemaLocation="http://www.springframework.org/schema/beans
       http://www.springframework.org/schema/beans/spring-beans.xsd
       http://www.springframework.org/schema/context
       http://www.springframework.org/schema/context/spring-context.xsd">
<!--    <bean id="cat" class="com.wonbao.pojo.Cat"></bean>-->
<!--    <bean id="dog" class="com.wonbao.pojo.Dog"></bean>-->

<!--&lt;!&ndash;   byName  会自动在容器上下文中查找 和自己对象set的方法后面的值对应的beanid-->
<!--        会在生成get set找set后面的值一样的-->
<!--       byType  会自动在容器上下文中查找 和自己对象属性类型相同的bean&ndash;&gt;-->
<!--    <bean id="people" class="com.wonbao.pojo.People" autowire="byType">-->
<!--        <property name="name" value="wdb"></property>-->
<!--&lt;!&ndash;        <property name="cat" ref="cat"></property>&ndash;&gt;-->
<!--&lt;!&ndash;        <property name="dog" ref="dog"></property>&ndash;&gt;-->
<!--    </bean>-->
    <bean id="cat" class="com.wonbao.pojo.Cat"></bean>
    <bean id="dog" class="com.wonbao.pojo.Dog"></bean>
    <bean id="people" class="com.wonbao.pojo.People"></bean>

<!--    开启注解的支持-->
    <context:annotation-config/>
</beans>


