<?xml version="1.0" encoding="UTF-8" ?>
<!DOCTYPE configuration
        PUBLIC "-//mybatis.org//DTD Config 3.0//EN"
        "http://mybatis.org/dtd/mybatis-3-config.dtd">
<configuration>
<!--    加载jdbc源-->
    <properties resource="jdbc.properties"></properties>
<!--    使用typeAliases配置别名信息 它只能配置domain里面的类的别名-->
    <typeAliases>
<!--        使用了alias可以不区分大小写-->
<!--        <typeAlias type="com.wonbao.domain.User" alias="user"></typeAlias>-->
<!--        用于指定要配置的别名的包 当指定之后类名就是别名 不再区分大小写-->
        <package name="com.wonbao.domain"></package>
    </typeAliases>
<!--    配置环境-->
    <environments default="mysql">
<!--        配置mysql的环境-->
        <environment id="mysql">
<!--            配置事务的类型-->
            <transactionManager type="JDBC"></transactionManager>
<!--            配置数据源 连接池-->
<!--          POOLED  采用传统DataSource规范中华的连接池 mybatis中针对规范的实现-->
<!--          UNPOOLED  JNDI-->
            <dataSource type="POOLED">
                <property name="driver" value="${driver}"/>
                <property name="url" value="${url}"/>
                <property name="username" value="${username}"/>
                <property name="password" value="${password}"/>
            </dataSource>
        </environment>
    </environments>
<!--    指定映射配置文件-->
    <mappers>
<!--        <mapper resource="com/wonbao/dao/IUserDao.xml"></mapper>-->
<!--        package标签是用于指定dao接口所在的包 当指定了之后就不需要在写mapper以及resource或者class了-->
        <package name="com.wonbao.dao"/>
    </mappers>
</configuration>
































